{"cameraMode":{"drawMode":0,"name":"Shaded","section":"Shading Mode"},"sceneLighting":true,"audioPlay":false,"sceneViewState":{"showFog":true,"showMaterialUpdate":false,"showSkybox":true,"showFlares":true,"showImageEffects":true,"showParticleSystems":true},"in2DMode":false,"pivot":{"x":0.7940001487731934,"y":22.37022590637207,"z":-209.69082641601563},"rotation":{"x":-0.022290343418717386,"y":-0.9601902365684509,"z":0.08026393502950669,"w":-0.2666592001914978},"size":2.82669997215271,"orthographic":true}