{"cameraMode":{"drawMode":0,"name":"Shaded","section":"Shading Mode"},"sceneLighting":false,"audioPlay":false,"sceneViewState":{"showFog":true,"showMaterialUpdate":false,"showSkybox":false,"showFlares":true,"showImageEffects":true,"showParticleSystems":true},"in2DMode":false,"pivot":{"x":4282.78759765625,"y":2073.07177734375,"z":3815.95458984375},"rotation":{"x":-0.39387789368629458,"y":-0.37586861848831179,"z":0.18073883652687074,"w":-0.8191561102867127},"size":120.09849548339844,"orthographic":true}