{"cameraMode":{"drawMode":0,"name":"Shaded","section":"Shading Mode"},"sceneLighting":true,"audioPlay":false,"sceneViewState":{"showFog":true,"showMaterialUpdate":false,"showSkybox":true,"showFlares":true,"showImageEffects":true,"showParticleSystems":true},"in2DMode":false,"pivot":{"x":1150.9818115234375,"y":94.17904663085938,"z":-42.32465744018555},"rotation":{"x":-0.15798936784267426,"y":-0.8418494462966919,"z":0.3546406626701355,"w":-0.37504449486732485},"size":40.08325958251953,"orthographic":true}