{"cameraMode":{"drawMode":0,"name":"Shaded","section":"Shading Mode"},"sceneLighting":true,"audioPlay":false,"sceneViewState":{"showFog":true,"showMaterialUpdate":false,"showSkybox":true,"showFlares":true,"showImageEffects":true,"showParticleSystems":true},"in2DMode":false,"pivot":{"x":1206.420654296875,"y":99.40692138671875,"z":-32.810142517089847},"rotation":{"x":0.21091803908348084,"y":-0.7641444802284241,"z":0.3055763244628906,"w":0.5275076627731323},"size":42.353939056396487,"orthographic":true}