{"cameraMode":{"drawMode":0,"name":"Shaded","section":"Shading Mode"},"sceneLighting":false,"audioPlay":false,"sceneViewState":{"showFog":true,"showMaterialUpdate":false,"showSkybox":false,"showFlares":true,"showImageEffects":true,"showParticleSystems":true},"in2DMode":false,"pivot":{"x":0.0,"y":15.00000286102295,"z":0.0052337646484375},"rotation":{"x":-0.05819960683584213,"y":-0.9042836427688599,"z":0.40220198035240176,"w":-0.13085058331489564},"size":114.32892608642578,"orthographic":true}