{"cameraMode":{"drawMode":0,"name":"Shaded","section":"Shading Mode"},"sceneLighting":false,"audioPlay":false,"sceneViewState":{"showFog":true,"showMaterialUpdate":false,"showSkybox":false,"showFlares":true,"showImageEffects":true,"showParticleSystems":true},"in2DMode":false,"pivot":{"x":0.3184852600097656,"y":36.99158477783203,"z":-210.81576538085938},"rotation":{"x":0.27024006843566897,"y":0.42147448658943179,"z":-0.13313890993595124,"w":0.8553831577301025},"size":246.8650360107422,"orthographic":true}