{"cameraMode":{"drawMode":0,"name":"Shaded","section":"Shading Mode"},"sceneLighting":false,"audioPlay":false,"sceneViewState":{"showFog":true,"showMaterialUpdate":false,"showSkybox":false,"showFlares":true,"showImageEffects":true,"showParticleSystems":true},"in2DMode":false,"pivot":{"x":-33.64239501953125,"y":-1.5124847888946534,"z":14.610008239746094},"rotation":{"x":0.06387528777122498,"y":0.7828148007392883,"z":-0.08157972991466522,"w":0.6135922074317932},"size":146.67723083496095,"orthographic":true}