{"cameraMode":{"drawMode":0,"name":"Shaded","section":"Shading Mode"},"sceneLighting":true,"audioPlay":false,"sceneViewState":{"showFog":true,"showMaterialUpdate":false,"showSkybox":false,"showFlares":true,"showImageEffects":true,"showParticleSystems":true},"in2DMode":false,"pivot":{"x":-84.58999633789063,"y":10.833000183105469,"z":24.34000015258789},"rotation":{"x":-0.07502230256795883,"y":0.7748813629150391,"z":-0.09366844594478607,"w":-0.6206207275390625},"size":28.00726318359375,"orthographic":true}