{"cameraMode":{"drawMode":0,"name":"Shaded","section":"Shading Mode"},"sceneLighting":false,"audioPlay":false,"sceneViewState":{"showFog":true,"showMaterialUpdate":false,"showSkybox":false,"showFlares":true,"showImageEffects":true,"showParticleSystems":true},"in2DMode":false,"pivot":{"x":-445.15301513671877,"y":240.58267211914063,"z":221.7001495361328},"rotation":{"x":-0.12293892353773117,"y":-0.8399547338485718,"z":0.21358376741409303,"w":-0.4834996163845062},"size":248.6408233642578,"orthographic":true}