{"cameraMode":{"drawMode":0,"name":"Shaded","section":"Shading Mode"},"sceneLighting":true,"audioPlay":false,"sceneViewState":{"showFog":true,"showMaterialUpdate":false,"showSkybox":true,"showFlares":true,"showImageEffects":true,"showParticleSystems":true},"in2DMode":false,"pivot":{"x":1150.9818115234375,"y":91.19905090332031,"z":-42.32466125488281},"rotation":{"x":0.317198783159256,"y":0.011944870464503765,"z":-0.004011623095721006,"w":0.9482840895652771},"size":50.044673919677737,"orthographic":true}