{"cameraMode":{"drawMode":0,"name":"Shaded","section":"Shading Mode"},"sceneLighting":false,"audioPlay":false,"sceneViewState":{"showFog":true,"showMaterialUpdate":false,"showSkybox":false,"showFlares":true,"showImageEffects":true,"showParticleSystems":true},"in2DMode":false,"pivot":{"x":-0.2954521179199219,"y":-29.499996185302736,"z":468.30523681640627},"rotation":{"x":-0.18193525075912476,"y":-0.6492777466773987,"z":0.16406072676181794,"w":-0.7200253009796143},"size":48.40441131591797,"orthographic":true}