{"cameraMode":{"drawMode":0,"name":"Shaded","section":"Shading Mode"},"sceneLighting":true,"audioPlay":false,"sceneViewState":{"showFog":true,"showMaterialUpdate":false,"showSkybox":true,"showFlares":true,"showImageEffects":true,"showParticleSystems":true},"in2DMode":false,"pivot":{"x":88.44090270996094,"y":232.88323974609376,"z":0.07520118355751038},"rotation":{"x":0.3071190416812897,"y":-0.5868463516235352,"z":0.2556234300136566,"w":0.7044433951377869},"size":2.8578836917877199,"orthographic":true}