{"cameraMode":{"drawMode":0,"name":"Shaded","section":"Shading Mode"},"sceneLighting":true,"audioPlay":false,"sceneViewState":{"showFog":true,"showMaterialUpdate":false,"showSkybox":true,"showFlares":true,"showImageEffects":true,"showParticleSystems":true},"in2DMode":false,"pivot":{"x":1368.026123046875,"y":-25.11200714111328,"z":1172.7249755859375},"rotation":{"x":0.0637756958603859,"y":-0.9300129413604736,"z":0.30551597476005556,"w":0.19414404034614564},"size":480.20867919921877,"orthographic":true}