{"cameraMode":{"drawMode":0,"name":"Shaded","section":"Shading Mode"},"sceneLighting":false,"audioPlay":false,"sceneViewState":{"showFog":true,"showMaterialUpdate":false,"showSkybox":false,"showFlares":true,"showImageEffects":true,"showParticleSystems":true},"in2DMode":false,"pivot":{"x":0.8759414553642273,"y":1.0467119216918946,"z":-2.2913734912872316},"rotation":{"x":0.002227234886959195,"y":0.737183690071106,"z":-0.6756849884986877,"w":0.002430129097774625},"size":5.139453887939453,"orthographic":true}