{"cameraMode":{"drawMode":0,"name":"Shaded","section":"Shading Mode"},"sceneLighting":false,"audioPlay":false,"sceneViewState":{"showFog":true,"showMaterialUpdate":false,"showSkybox":false,"showFlares":true,"showImageEffects":true,"showParticleSystems":true},"in2DMode":false,"pivot":{"x":4239.79150390625,"y":2170.0517578125,"z":3841.631591796875},"rotation":{"x":-0.12293892353773117,"y":-0.8399547338485718,"z":0.21358376741409303,"w":-0.4834996163845062},"size":242.53097534179688,"orthographic":true}