{"cameraMode":{"drawMode":0,"name":"Shaded","section":"Shading Mode"},"sceneLighting":true,"audioPlay":false,"sceneViewState":{"showFog":true,"showMaterialUpdate":false,"showSkybox":true,"showFlares":true,"showImageEffects":true,"showParticleSystems":true},"in2DMode":false,"pivot":{"x":0.0,"y":0.3684089779853821,"z":-0.6270918250083923},"rotation":{"x":0.019176973029971124,"y":0.9797008633613586,"z":-0.1625334620475769,"w":0.11576441675424576},"size":9.142725944519043,"orthographic":true}