{"cameraMode":{"drawMode":0,"name":"Shaded","section":"Shading Mode"},"sceneLighting":false,"audioPlay":false,"sceneViewState":{"showFog":true,"showMaterialUpdate":false,"showSkybox":false,"showFlares":true,"showImageEffects":true,"showParticleSystems":true},"in2DMode":false,"pivot":{"x":-10.433030128479004,"y":5.2383317947387699,"z":22.183801651000978},"rotation":{"x":-0.01638692244887352,"y":-0.9836112856864929,"z":0.12459591776132584,"w":-0.12939883768558503},"size":109.73310089111328,"orthographic":true}