{"cameraMode":{"drawMode":0,"name":"Shaded","section":"Shading Mode"},"sceneLighting":false,"audioPlay":false,"sceneViewState":{"showFog":true,"showMaterialUpdate":false,"showSkybox":false,"showFlares":true,"showImageEffects":true,"showParticleSystems":true},"in2DMode":false,"pivot":{"x":-90.42462158203125,"y":10.100000381469727,"z":23.475021362304689},"rotation":{"x":-0.006742480676621199,"y":-0.9904311299324036,"z":0.05234139412641525,"w":-0.1275763213634491},"size":23.41290855407715,"orthographic":true}