{"cameraMode":{"drawMode":0,"name":"Shaded","section":"Shading Mode"},"sceneLighting":false,"audioPlay":false,"sceneViewState":{"showFog":true,"showMaterialUpdate":false,"showSkybox":false,"showFlares":true,"showImageEffects":true,"showParticleSystems":true},"in2DMode":false,"pivot":{"x":0.3500041961669922,"y":12.941383361816407,"z":-0.1377849578857422},"rotation":{"x":0.1676177829504013,"y":-0.8319540023803711,"z":0.3884180784225464,"w":0.35902097821235659},"size":248.72276306152345,"orthographic":true}