{"cameraMode":{"drawMode":0,"name":"Shaded","section":"Shading Mode"},"sceneLighting":true,"audioPlay":false,"sceneViewState":{"showFog":true,"showMaterialUpdate":false,"showSkybox":true,"showFlares":true,"showImageEffects":true,"showParticleSystems":true},"in2DMode":false,"pivot":{"x":-55.143917083740237,"y":605.0335693359375,"z":-95.517822265625},"rotation":{"x":-0.12293892353773117,"y":-0.8399547338485718,"z":0.21358376741409303,"w":-0.4834996163845062},"size":188.46444702148438,"orthographic":true}