{"cameraMode":{"drawMode":0,"name":"Shaded","section":"Shading Mode"},"sceneLighting":false,"audioPlay":false,"sceneViewState":{"showFog":true,"showMaterialUpdate":false,"showSkybox":false,"showFlares":true,"showImageEffects":true,"showParticleSystems":true},"in2DMode":false,"pivot":{"x":-98.06623077392578,"y":593.578857421875,"z":-96.03019714355469},"rotation":{"x":-0.008799116127192974,"y":0.8681882619857788,"z":-0.49593955278396609,"w":-0.015342021360993386},"size":93.48743438720703,"orthographic":true}