{"cameraMode":{"drawMode":0,"name":"Shaded","section":"Shading Mode"},"sceneLighting":false,"audioPlay":false,"sceneViewState":{"showFog":true,"showMaterialUpdate":false,"showSkybox":false,"showFlares":true,"showImageEffects":true,"showParticleSystems":true},"in2DMode":false,"pivot":{"x":-251.25677490234376,"y":356.0772705078125,"z":508.1709899902344},"rotation":{"x":0.23784461617469788,"y":-0.6055125594139099,"z":0.19630172848701478,"w":0.7336558699607849},"size":245.76336669921876,"orthographic":true}