{"cameraMode":{"drawMode":0,"name":"Shaded","section":"Shading Mode"},"sceneLighting":true,"audioPlay":false,"sceneViewState":{"showFog":true,"showMaterialUpdate":false,"showSkybox":true,"showFlares":true,"showImageEffects":true,"showParticleSystems":true},"in2DMode":false,"pivot":{"x":17.81689453125,"y":23.949466705322267,"z":-215.25802612304688},"rotation":{"x":-0.022290343418717386,"y":-0.9601902365684509,"z":0.08026393502950669,"w":-0.2666592001914978},"size":21.59593391418457,"orthographic":true}