{"cameraMode":{"drawMode":0,"name":"Shaded","section":"Shading Mode"},"sceneLighting":false,"audioPlay":false,"sceneViewState":{"showFog":true,"showMaterialUpdate":false,"showSkybox":false,"showFlares":true,"showImageEffects":true,"showParticleSystems":true},"in2DMode":false,"pivot":{"x":-92.22932434082031,"y":9.380000114440918,"z":-4.410933494567871},"rotation":{"x":0.3071190416812897,"y":-0.5868463516235352,"z":0.2556234300136566,"w":0.7044433951377869},"size":2.8578836917877199,"orthographic":true}