{"cameraMode":{"drawMode":0,"name":"Shaded","section":"Shading Mode"},"sceneLighting":false,"audioPlay":false,"sceneViewState":{"showFog":true,"showMaterialUpdate":false,"showSkybox":false,"showFlares":true,"showImageEffects":true,"showParticleSystems":true},"in2DMode":false,"pivot":{"x":4194.2919921875,"y":2190.483642578125,"z":3871.431640625},"rotation":{"x":0.0001512718154117465,"y":-0.9998406767845154,"z":-0.008998152799904347,"w":-0.016800936311483384},"size":56.952362060546878,"orthographic":true}