{"cameraMode":{"drawMode":0,"name":"Shaded","section":"Shading Mode"},"sceneLighting":false,"audioPlay":false,"sceneViewState":{"showFog":true,"showMaterialUpdate":false,"showSkybox":false,"showFlares":true,"showImageEffects":true,"showParticleSystems":true},"in2DMode":false,"pivot":{"x":-469.84051513671877,"y":221.6714324951172,"z":228.2571258544922},"rotation":{"x":-0.002331420546397567,"y":-0.981347382068634,"z":-0.011770864017307759,"w":0.19198769330978394},"size":118.06060028076172,"orthographic":true}