{"cameraMode":{"drawMode":0,"name":"Shaded","section":"Shading Mode"},"sceneLighting":false,"audioPlay":false,"sceneViewState":{"showFog":true,"showMaterialUpdate":false,"showSkybox":false,"showFlares":true,"showImageEffects":true,"showParticleSystems":true},"in2DMode":false,"pivot":{"x":4218.8486328125,"y":2050.280029296875,"z":3838.69873046875},"rotation":{"x":-0.39387789368629458,"y":-0.37586861848831179,"z":0.18073883652687074,"w":-0.8191561102867127},"size":362.62408447265627,"orthographic":true}