{"cameraMode":{"drawMode":0,"name":"Shaded","section":"Shading Mode"},"sceneLighting":false,"audioPlay":false,"sceneViewState":{"showFog":true,"showMaterialUpdate":false,"showSkybox":false,"showFlares":true,"showImageEffects":true,"showParticleSystems":true},"in2DMode":false,"pivot":{"x":1152.6253662109375,"y":100.885986328125,"z":-39.88367462158203},"rotation":{"x":0.3605667054653168,"y":-0.3077910840511322,"z":0.1274067461490631,"w":0.8712433576583862},"size":254.3330078125,"orthographic":true}