{"cameraMode":{"drawMode":0,"name":"Shaded","section":"Shading Mode"},"sceneLighting":true,"audioPlay":false,"sceneViewState":{"showFog":true,"showMaterialUpdate":false,"showSkybox":false,"showFlares":true,"showImageEffects":true,"showParticleSystems":true},"in2DMode":false,"pivot":{"x":0.0,"y":-22.999996185302736,"z":445.1052551269531},"rotation":{"x":0.17087337374687196,"y":0.5438228249549866,"z":-0.11420612782239914,"w":0.8136477470397949},"size":62.14704132080078,"orthographic":true}