{"cameraMode":{"drawMode":0,"name":"Shaded","section":"Shading Mode"},"sceneLighting":false,"audioPlay":false,"sceneViewState":{"showFog":true,"showMaterialUpdate":false,"showSkybox":false,"showFlares":true,"showImageEffects":true,"showParticleSystems":true},"in2DMode":false,"pivot":{"x":3.792941093444824,"y":-25.114179611206056,"z":468.7198791503906},"rotation":{"x":-0.18193525075912476,"y":-0.6492777466773987,"z":0.16406072676181794,"w":-0.7200253009796143},"size":164.45095825195313,"orthographic":true}