{"cameraMode":{"drawMode":0,"name":"Shaded","section":"Shading Mode"},"sceneLighting":false,"audioPlay":false,"sceneViewState":{"showFog":true,"showMaterialUpdate":false,"showSkybox":false,"showFlares":true,"showImageEffects":true,"showParticleSystems":true},"in2DMode":false,"pivot":{"x":-9.646686553955079,"y":0.0,"z":20.868749618530275},"rotation":{"x":-0.12293892353773117,"y":-0.8399547338485718,"z":0.21358376741409303,"w":-0.4834996163845062},"size":270.65875244140627,"orthographic":true}