{"cameraMode":{"drawMode":0,"name":"Shaded","section":"Shading Mode"},"sceneLighting":true,"audioPlay":false,"sceneViewState":{"showFog":true,"showMaterialUpdate":false,"showSkybox":true,"showFlares":true,"showImageEffects":true,"showParticleSystems":true},"in2DMode":false,"pivot":{"x":2538.309814453125,"y":45.963523864746097,"z":2420.819091796875},"rotation":{"x":-0.16636456549167634,"y":-0.8331695199012756,"z":0.38807743787765505,"w":-0.3571847379207611},"size":950.6752319335938,"orthographic":true}