{"cameraMode":{"drawMode":0,"name":"Shaded","section":"Shading Mode"},"sceneLighting":true,"audioPlay":false,"sceneViewState":{"showFog":true,"showMaterialUpdate":false,"showSkybox":false,"showFlares":true,"showImageEffects":true,"showParticleSystems":true},"in2DMode":false,"pivot":{"x":-1.791290283203125,"y":0.5326150059700012,"z":236.79196166992188},"rotation":{"x":0.1531951129436493,"y":0.8096242547035217,"z":-0.24194200336933137,"w":0.5125313997268677},"size":63.08176803588867,"orthographic":true}