{"cameraMode":{"drawMode":0,"name":"Shaded","section":"Shading Mode"},"sceneLighting":false,"audioPlay":false,"sceneViewState":{"showFog":true,"showMaterialUpdate":false,"showSkybox":false,"showFlares":true,"showImageEffects":true,"showParticleSystems":true},"in2DMode":false,"pivot":{"x":4186.10546875,"y":2199.32177734375,"z":3869.26611328125},"rotation":{"x":0.1565217822790146,"y":-0.8414831161499023,"z":-0.3959575295448303,"w":-0.3327014446258545},"size":56.952362060546878,"orthographic":true}