{"cameraMode":{"drawMode":0,"name":"Shaded","section":"Shading Mode"},"sceneLighting":true,"audioPlay":false,"sceneViewState":{"showFog":true,"showMaterialUpdate":false,"showSkybox":true,"showFlares":true,"showImageEffects":true,"showParticleSystems":true},"in2DMode":false,"pivot":{"x":2641.3359375,"y":173.99609375,"z":2718.431884765625},"rotation":{"x":-0.23391807079315186,"y":0.0026320095639675857,"z":-0.000634511117823422,"w":-0.972277820110321},"size":17.467529296875,"orthographic":true}