{"cameraMode":{"drawMode":0,"name":"Shaded","section":"Shading Mode"},"sceneLighting":false,"audioPlay":false,"sceneViewState":{"showFog":true,"showMaterialUpdate":false,"showSkybox":false,"showFlares":true,"showImageEffects":true,"showParticleSystems":true},"in2DMode":false,"pivot":{"x":-0.2954521179199219,"y":-29.499996185302736,"z":468.30523681640627},"rotation":{"x":-0.2863047122955322,"y":-0.6860894560813904,"z":0.3416360914707184,"w":-0.5749838352203369},"size":242.53082275390626,"orthographic":true}