{"cameraMode":{"drawMode":0,"name":"Shaded","section":"Shading Mode"},"sceneLighting":false,"audioPlay":false,"sceneViewState":{"showFog":true,"showMaterialUpdate":false,"showSkybox":false,"showFlares":true,"showImageEffects":true,"showParticleSystems":true},"in2DMode":false,"pivot":{"x":0.009000003337860108,"y":99.4209976196289,"z":3.2220001220703127},"rotation":{"x":0.07775608450174332,"y":0.7166121602058411,"z":-0.08097751438617706,"w":0.6883921027183533},"size":2.572089910507202,"orthographic":true}