{"cameraMode":{"drawMode":0,"name":"Shaded","section":"Shading Mode"},"sceneLighting":true,"audioPlay":false,"sceneViewState":{"showFog":true,"showMaterialUpdate":false,"showSkybox":true,"showFlares":true,"showImageEffects":true,"showParticleSystems":true},"in2DMode":false,"pivot":{"x":1150.9818115234375,"y":94.1790542602539,"z":-42.32465744018555},"rotation":{"x":-0.12413819879293442,"y":-0.7694305181503296,"z":0.15749257802963258,"w":-0.6064630150794983},"size":0.6988539695739746,"orthographic":true}