{"cameraMode":{"drawMode":0,"name":"Shaded","section":"Shading Mode"},"sceneLighting":false,"audioPlay":false,"sceneViewState":{"showFog":true,"showMaterialUpdate":false,"showSkybox":false,"showFlares":true,"showImageEffects":true,"showParticleSystems":true},"in2DMode":false,"pivot":{"x":4254.95556640625,"y":2058.7578125,"z":3830.389404296875},"rotation":{"x":-0.05826456844806671,"y":-0.9190809726715088,"z":0.36050018668174746,"w":-0.14850834012031556},"size":120.09849548339844,"orthographic":true}