{"cameraMode":{"drawMode":0,"name":"Shaded","section":"Shading Mode"},"sceneLighting":false,"audioPlay":false,"sceneViewState":{"showFog":true,"showMaterialUpdate":false,"showSkybox":false,"showFlares":true,"showImageEffects":true,"showParticleSystems":true},"in2DMode":false,"pivot":{"x":14.239089965820313,"y":-13.227137565612793,"z":12.361641883850098},"rotation":{"x":0.05694085359573364,"y":0.8988282680511475,"z":-0.12261033058166504,"w":0.4170052707195282},"size":159.54971313476563,"orthographic":true}