{"cameraMode":{"drawMode":0,"name":"Shaded","section":"Shading Mode"},"sceneLighting":true,"audioPlay":false,"sceneViewState":{"showFog":true,"showMaterialUpdate":false,"showSkybox":true,"showFlares":true,"showImageEffects":true,"showParticleSystems":true},"in2DMode":false,"pivot":{"x":1150.650390625,"y":97.34579467773438,"z":-57.29148864746094},"rotation":{"x":-0.22240197658538819,"y":0.6966598033905029,"z":-0.24304898083209992,"w":-0.6373621225357056},"size":153.81443786621095,"orthographic":true}