{"cameraMode":{"drawMode":0,"name":"Shaded","section":"Shading Mode"},"sceneLighting":true,"audioPlay":false,"sceneViewState":{"showFog":true,"showMaterialUpdate":false,"showSkybox":true,"showFlares":true,"showImageEffects":true,"showParticleSystems":true},"in2DMode":false,"pivot":{"x":4454.90234375,"y":1938.0804443359375,"z":3695.43994140625},"rotation":{"x":-0.08454889804124832,"y":-0.8852784037590027,"z":0.177613765001297,"w":-0.42143598198890688},"size":141.62704467773438,"orthographic":true}