{"cameraMode":{"drawMode":0,"name":"Shaded","section":"Shading Mode"},"sceneLighting":true,"audioPlay":false,"sceneViewState":{"showFog":true,"showMaterialUpdate":false,"showSkybox":false,"showFlares":true,"showImageEffects":true,"showParticleSystems":true},"in2DMode":false,"pivot":{"x":69.60710144042969,"y":325.56256103515627,"z":42.55780792236328},"rotation":{"x":-0.1647743135690689,"y":-0.5584803223609924,"z":0.11432869732379914,"w":-0.8050273656845093},"size":48.376426696777347,"orthographic":true}