{"cameraMode":{"drawMode":0,"name":"Shaded","section":"Shading Mode"},"sceneLighting":false,"audioPlay":false,"sceneViewState":{"showFog":true,"showMaterialUpdate":false,"showSkybox":false,"showFlares":true,"showImageEffects":true,"showParticleSystems":true},"in2DMode":false,"pivot":{"x":4194.2919921875,"y":2190.483642578125,"z":3871.431640625},"rotation":{"x":-0.12293892353773117,"y":-0.8399547338485718,"z":0.21358376741409303,"w":-0.4834996163845062},"size":260.8349914550781,"orthographic":true}