{"cameraMode":{"drawMode":0,"name":"Shaded","section":"Shading Mode"},"sceneLighting":false,"audioPlay":false,"sceneViewState":{"showFog":true,"showMaterialUpdate":false,"showSkybox":false,"showFlares":true,"showImageEffects":true,"showParticleSystems":true},"in2DMode":false,"pivot":{"x":0.30080413818359377,"y":-2.5,"z":105.13563537597656},"rotation":{"x":0.23784461617469788,"y":-0.6055125594139099,"z":0.19630172848701478,"w":0.7336558699607849},"size":200.9802703857422,"orthographic":true}