{"cameraMode":{"drawMode":0,"name":"Shaded","section":"Shading Mode"},"sceneLighting":false,"audioPlay":false,"sceneViewState":{"showFog":true,"showMaterialUpdate":false,"showSkybox":false,"showFlares":true,"showImageEffects":true,"showParticleSystems":true},"in2DMode":false,"pivot":{"x":0.0,"y":3.3500003814697267,"z":1.6999999284744263},"rotation":{"x":-0.014734135940670967,"y":0.9701448678970337,"z":-0.23432700335979463,"w":-0.06088927015662193},"size":27.27757453918457,"orthographic":true}