{"cameraMode":{"drawMode":0,"name":"Shaded","section":"Shading Mode"},"sceneLighting":true,"audioPlay":false,"sceneViewState":{"showFog":true,"showMaterialUpdate":false,"showSkybox":true,"showFlares":true,"showImageEffects":true,"showParticleSystems":true},"in2DMode":false,"pivot":{"x":-16.07537078857422,"y":3.8309812545776369,"z":-2.9921875},"rotation":{"x":0.2870838940143585,"y":0.2750840187072754,"z":-0.08645422011613846,"w":0.9134865403175354},"size":25.851879119873048,"orthographic":true}