{"cameraMode":{"drawMode":0,"name":"Shaded","section":"Shading Mode"},"sceneLighting":false,"audioPlay":false,"sceneViewState":{"showFog":true,"showMaterialUpdate":false,"showSkybox":false,"showFlares":true,"showImageEffects":true,"showParticleSystems":true},"in2DMode":false,"pivot":{"x":-0.2954521179199219,"y":-29.499996185302736,"z":468.30523681640627},"rotation":{"x":-0.2013014554977417,"y":-0.6699695587158203,"z":0.1962859034538269,"w":-0.6870984435081482},"size":48.40441131591797,"orthographic":true}