{"cameraMode":{"drawMode":0,"name":"Shaded","section":"Shading Mode"},"sceneLighting":false,"audioPlay":false,"sceneViewState":{"showFog":true,"showMaterialUpdate":false,"showSkybox":false,"showFlares":true,"showImageEffects":true,"showParticleSystems":true},"in2DMode":false,"pivot":{"x":0.8759414553642273,"y":1.0467119216918946,"z":-2.2913734912872316},"rotation":{"x":-0.3206358551979065,"y":0.05650130286812782,"z":-0.9453245997428894,"w":-0.019166726619005204},"size":5.139453887939453,"orthographic":true}