{"cameraMode":{"drawMode":0,"name":"Shaded","section":"Shading Mode"},"sceneLighting":true,"audioPlay":false,"sceneViewState":{"showFog":true,"showMaterialUpdate":false,"showSkybox":true,"showFlares":true,"showImageEffects":true,"showParticleSystems":true},"in2DMode":false,"pivot":{"x":-85.71368408203125,"y":0.351759672164917,"z":9.005090713500977},"rotation":{"x":-0.5157240629196167,"y":0.386184960603714,"z":-0.27978500723838808,"w":-0.7117958068847656},"size":15.81268310546875,"orthographic":true}