{"cameraMode":{"drawMode":0,"name":"Shaded","section":"Shading Mode"},"sceneLighting":true,"audioPlay":false,"sceneViewState":{"showFog":true,"showMaterialUpdate":false,"showSkybox":true,"showFlares":true,"showImageEffects":true,"showParticleSystems":true},"in2DMode":false,"pivot":{"x":26.874977111816408,"y":-18.046890258789064,"z":55.29833221435547},"rotation":{"x":0.23544955253601075,"y":-0.275336354970932,"z":0.06975023448467255,"w":0.9294600486755371},"size":62.98278045654297,"orthographic":true}