{"cameraMode":{"drawMode":0,"name":"Shaded","section":"Shading Mode"},"sceneLighting":true,"audioPlay":false,"sceneViewState":{"showFog":true,"showMaterialUpdate":false,"showSkybox":true,"showFlares":true,"showImageEffects":true,"showParticleSystems":true},"in2DMode":false,"pivot":{"x":-7.595614433288574,"y":5.434701919555664,"z":-7.963191509246826},"rotation":{"x":-0.047483038157224658,"y":0.7832465171813965,"z":-0.06027861684560776,"w":-0.6169661283493042},"size":25.844688415527345,"orthographic":false}