{"cameraMode":{"drawMode":0,"name":"Shaded","section":"Shading Mode"},"sceneLighting":true,"audioPlay":false,"sceneViewState":{"showFog":true,"showMaterialUpdate":false,"showSkybox":true,"showFlares":true,"showImageEffects":true,"showParticleSystems":true},"in2DMode":false,"pivot":{"x":-1.7462215423583985,"y":5.572816848754883,"z":-6.880191802978516},"rotation":{"x":-0.20520424842834474,"y":0.42273983359336855,"z":-0.09889787435531616,"w":-0.8771584630012512},"size":10.0,"orthographic":false}