{"cameraMode":{"drawMode":0,"name":"Shaded","section":"Shading Mode"},"sceneLighting":true,"audioPlay":false,"sceneViewState":{"showFog":true,"showMaterialUpdate":true,"showSkybox":true,"showFlares":true,"showImageEffects":true,"showParticleSystems":true},"in2DMode":false,"pivot":{"x":363.99920654296877,"y":67.10072326660156,"z":305.0271301269531},"rotation":{"x":-0.39839208126068118,"y":-0.5842039585113525,"z":0.39840570092201235,"w":-0.5842272043228149},"size":404.7821350097656,"orthographic":true}