{"cameraMode":{"drawMode":0,"name":"Shaded","section":"Shading Mode"},"sceneLighting":true,"audioPlay":false,"sceneViewState":{"showFog":true,"showMaterialUpdate":true,"showSkybox":true,"showFlares":true,"showImageEffects":true,"showParticleSystems":true},"in2DMode":false,"pivot":{"x":-2.5999999046325685,"y":2.799999952316284,"z":13.5},"rotation":{"x":-0.16172811388969422,"y":0.7833413481712341,"z":-0.22822485864162446,"w":-0.5551055073738098},"size":22.23076057434082,"orthographic":true}