{"cameraMode":{"drawMode":0,"name":"Shaded","section":"Shading Mode"},"sceneLighting":true,"audioPlay":false,"sceneViewState":{"showFog":true,"showMaterialUpdate":true,"showSkybox":true,"showFlares":true,"showImageEffects":true,"showParticleSystems":true},"in2DMode":false,"pivot":{"x":16.836156845092775,"y":-6.586465835571289,"z":-3.505317211151123},"rotation":{"x":-0.7043085098266602,"y":0.008948185481131077,"z":-0.008884573355317116,"w":-0.7098198533058167},"size":2.5212488174438478,"orthographic":true}