{"cameraMode":{"drawMode":0,"name":"Shaded","section":"Shading Mode"},"sceneLighting":true,"audioPlay":false,"sceneViewState":{"showFog":true,"showMaterialUpdate":true,"showSkybox":true,"showFlares":true,"showImageEffects":true,"showParticleSystems":true},"in2DMode":false,"pivot":{"x":-3.3371169567108156,"y":3.040295124053955,"z":-2.086278200149536},"rotation":{"x":0.0001566155842738226,"y":0.999822735786438,"z":0.008397180587053299,"w":-0.017705801874399186},"size":30.885847091674806,"orthographic":true}