{"cameraMode":{"drawMode":0,"name":"Shaded","section":"Shading Mode"},"sceneLighting":true,"audioPlay":false,"sceneViewState":{"showFog":true,"showMaterialUpdate":true,"showSkybox":true,"showFlares":true,"showImageEffects":true,"showParticleSystems":true},"in2DMode":false,"pivot":{"x":-18.790691375732423,"y":25.509342193603517,"z":-43.737030029296878},"rotation":{"x":0.12364882230758667,"y":0.8679003119468689,"z":-0.2690437436103821,"w":0.39887064695358279},"size":5.128439903259277,"orthographic":true}