{"cameraMode":{"drawMode":0,"name":"Shaded","section":"Shading Mode"},"sceneLighting":true,"audioPlay":false,"sceneViewState":{"showFog":true,"showMaterialUpdate":false,"showSkybox":true,"showFlares":true,"showImageEffects":true,"showParticleSystems":true},"in2DMode":false,"pivot":{"x":-10.535399436950684,"y":22.96294403076172,"z":-250.65965270996095},"rotation":{"x":0.19105178117752076,"y":0.7520852088928223,"z":-0.24790816009044648,"w":0.5801272392272949},"size":20.16408920288086,"orthographic":false}